{
    "cog": {
        "X": 69.58351226914505, 
        "Y": 74.93096746852022, 
        "Z": 412.0965191607933
    }, 
    "file": "888_4001.gcode", 
    "slicer_translation": {
        "X": 60.0, 
        "Y": 75.0, 
        "Z": -0.0
    }, 
    "stl_cog": {
        "X": 9.583512269145047, 
        "Y": -0.0690325314797775, 
        "Z": 412.0965191607933
    }
}