{"cog": {"Y": 74.98667513012343, "X": 70.4486669289651, "Z": 411.71689922234043}, "file": "888_4001.gcode"}