{
    "cog": {
        "X": 71.22602691707502, 
        "Y": 74.9549547443821, 
        "Z": 69.97204315169348
    }, 
    "file": "printplate_888_4101_printtest.gcode", 
    "slicer_translation": {
        "X": 61.25, 
        "Y": 75.0, 
        "Z": -0.0
    }, 
    "stl_cog": {
        "X": 9.976026917075018, 
        "Y": -0.045045255617893076, 
        "Z": 69.97204315169348
    }
}