{
    "cog": {
        "X": 70.59871083913616, 
        "Y": 74.98806209157983, 
        "Z": 69.93253091256317
    }, 
    "file": "printplate_888_4101_printtest.gcode", 
    "slicer_translation": {
        "X": 61.25, 
        "Y": 75.0, 
        "Z": -0.0
    }, 
    "stl_cog": {
        "X": 9.34871083913616, 
        "Y": -0.0119379084201654, 
        "Z": 69.93253091256317
    }
}