{
    "cog": {
        "X": 66.59549209074501, 
        "Y": 75.00630054692674, 
        "Z": 70.02011345011219
    }, 
    "file": "printplate_888_4101_printtest.gcode", 
    "slicer_translation": {
        "X": 75.0, 
        "Y": 75.0, 
        "Z": -0.0
    }, 
    "stl_cog": {
        "X": -8.404507909254988, 
        "Y": 0.006300546926738093, 
        "Z": 70.02011345011219
    }
}