{
    "cog": {
        "X": 73.98033677232246,
        "Y": 75.05237834632976,
        "Z": 19.54072799499752
    },
    "file": "888_2010.gcode",
    "slicer_translation": {
        "X": 0,
        "Y": 0,
        "Z": 0
    },
    "stl_cog": {
        "X": 73.98033677232246,
        "Y": 75.05237834632976,
        "Z": 19.54072799499752
    }
}