{
    "cog": {
        "X": 74.86495627030001, 
        "Y": 75.07977720902325, 
        "Z": 49.65500204421249
    }, 
    "file": "printplate_888_4101a.gcode", 
    "slicer_translation": {
        "X": 75.0, 
        "Y": 75.0, 
        "Z": -0.0
    }, 
    "stl_cog": {
        "X": -0.13504372969998713, 
        "Y": 0.07977720902324847, 
        "Z": 49.65500204421249
    }
}