{
    "cog": {
        "X": 68.41306166888687, 
        "Y": 0.0, 
        "Z": 72.5063585289054
    }, 
    "file": "printplate_888_4101_printtest.gcode", 
    "slicer_translation": {
        "X": 75.0, 
        "Y": 75.0, 
        "Z": -0.0
    }, 
    "stl_cog": {
        "X": -6.5869383311131315, 
        "Y": -75.0, 
        "Z": 72.5063585289054
    }
}